-- Script inserts iniciales

-- EDITORIALES
INSERT INTO BIB_EDITORIALES (NOMBRE, SITIOWEB, PAIS) VALUES ('Santillana', 'www.santillana.com', 'España');
INSERT INTO BIB_EDITORIALES (NOMBRE, SITIOWEB, PAIS) VALUES ('Cambridge', 'www.cambridge.com', 'Reino Unido');
INSERT INTO BIB_EDITORIALES (NOMBRE, SITIOWEB, PAIS) VALUES ('Oxford', 'www.oxford.com', 'Reino Unido');
INSERT INTO BIB_EDITORIALES (NOMBRE, SITIOWEB, PAIS) VALUES ('Pearson', 'www.pearson.com', 'Estados Unidos');

-- NIVELES 
INSERT INTO BIB_NIVELES_INGLES (NIVEL, DESCRIPCION) VALUES ('BASICO', 'Basico 1');
INSERT INTO BIB_NIVELES_INGLES (NIVEL, DESCRIPCION) VALUES ('INTERMEDIO', 'Intermedio 1');
INSERT INTO BIB_NIVELES_INGLES (NIVEL, DESCRIPCION) VALUES ('AVANZADO', 'Avanzado 1');

-- SEDES
INSERT INTO BIB_BIBLIOTECA_SEDES (NOMBRE, DIRECCION, DISTRITO, TELEFONO_CONTACTO, CORREO_CONTACTO, ACTIVA) VALUES ('Sede Norte', 'Calle de la Reina, 123', 'Madrid', '917234567', 'contacto.norte@myholylib.edu', 1);
INSERT INTO BIB_BIBLIOTECA_SEDES (NOMBRE, DIRECCION, DISTRITO, TELEFONO_CONTACTO, CORREO_CONTACTO, ACTIVA) VALUES ('Sede Central', 'Avenida Central, 456', 'Barcelona', '934567890', 'contacto.central@myholylib.edu', 1);
INSERT INTO BIB_BIBLIOTECA_SEDES (NOMBRE, DIRECCION, DISTRITO, TELEFONO_CONTACTO, CORREO_CONTACTO, ACTIVA) VALUES ('Sede Sur', 'Plaza del Sol, 789', 'Sevilla', '955123456', 'contacto.sur@myholylib.edu', 1);

-- TEMAS
INSERT INTO BIB_TEMAS (DESCRIPCION, CATEGORIA) VALUES ('Ficción', 'GENERO');
INSERT INTO BIB_TEMAS (DESCRIPCION, CATEGORIA) VALUES ('Historia', 'GENERO');
INSERT INTO BIB_TEMAS (DESCRIPCION, CATEGORIA) VALUES ('Ciencia', 'GENERO');
INSERT INTO BIB_TEMAS (DESCRIPCION, CATEGORIA) VALUES ('Infantil', 'EDAD');
INSERT INTO BIB_TEMAS (DESCRIPCION, CATEGORIA) VALUES ('Juvenil', 'EDAD');
INSERT INTO BIB_TEMAS (DESCRIPCION, CATEGORIA) VALUES ('Adultos', 'EDAD');

-- CREADORES
INSERT INTO BIB_CREADORES (NOMBRE, PATERNO, MATERNO, SEUDONIMO, TIPO_CREADOR, NACIONALIDAD, ACTIVO)
VALUES ('Carlos', 'Pérez', 'Gómez', NULL, 'AUTOR', 'Perú', 1);
INSERT INTO BIB_CREADORES (NOMBRE, PATERNO, MATERNO, SEUDONIMO, TIPO_CREADOR, NACIONALIDAD, ACTIVO)
VALUES ('Lucía', 'Ramírez', 'Díaz', 'lucyd', 'AUTOR', 'México', 1);
INSERT INTO BIB_CREADORES (NOMBRE, PATERNO, MATERNO, SEUDONIMO, TIPO_CREADOR, NACIONALIDAD, ACTIVO)
VALUES ('Javier', 'Mendoza', 'Rojas', NULL, 'ILUSTRADOR', 'Chile', 1);
INSERT INTO BIB_CREADORES (NOMBRE, PATERNO, MATERNO, SEUDONIMO, TIPO_CREADOR, NACIONALIDAD, ACTIVO)
VALUES ('Sandra', 'García', 'López', 'sandral', 'AUTOR', 'Argentina', 1);
INSERT INTO BIB_CREADORES (NOMBRE, PATERNO, MATERNO, SEUDONIMO, TIPO_CREADOR, NACIONALIDAD, ACTIVO)
VALUES ('Pedro', 'Reyes', 'Castro', NULL, 'AUTOR', 'Perú', 1);
INSERT INTO BIB_CREADORES (NOMBRE, PATERNO, MATERNO, SEUDONIMO, TIPO_CREADOR, NACIONALIDAD, ACTIVO)
VALUES ('María', 'Hernández', 'Zamora', 'maryzam', 'AUTOR', 'Colombia', 1);
INSERT INTO BIB_CREADORES (NOMBRE, PATERNO, MATERNO, SEUDONIMO, TIPO_CREADOR, NACIONALIDAD, ACTIVO)
VALUES ('Luis', 'Torres', 'Mejía', NULL, 'TRADUCTOR', 'Uruguay', 1);
INSERT INTO BIB_CREADORES (NOMBRE, PATERNO, MATERNO, SEUDONIMO, TIPO_CREADOR, NACIONALIDAD, ACTIVO)
VALUES ('Ana', 'Delgado', 'Ramos', 'adelra', 'AUTOR', 'España', 1);
INSERT INTO BIB_CREADORES (NOMBRE, PATERNO, MATERNO, SEUDONIMO, TIPO_CREADOR, NACIONALIDAD, ACTIVO)
VALUES ('José', 'Cruz', 'Morales', NULL, 'EDITOR', 'Venezuela', 1);
INSERT INTO BIB_CREADORES (NOMBRE, PATERNO, MATERNO, SEUDONIMO, TIPO_CREADOR, NACIONALIDAD, ACTIVO)
VALUES ('Fernanda', 'Silva', 'Quispe', 'fersilva', 'DISENADOR_EDITORIAL', 'Perú', 1);

-- MATERIALES
INSERT INTO BIB_MATERIALES (TITULO, EDICION, ANHIO_PUBLICACION, PORTADA, VIGENTE, NIVEL_IDNIVEL, EDITORIAL_IDEDITORIAL)
VALUES ('English for Beginners', '3a', 2022, 'https://example.com/portadas/material1.jpg', 1, 1, 4);
INSERT INTO BIB_MATERIALES (TITULO, EDICION, ANHIO_PUBLICACION, PORTADA, VIGENTE, NIVEL_IDNIVEL, EDITORIAL_IDEDITORIAL)
VALUES ('Grammar in Use', '5a', 2022, 'https://example.com/portadas/material2.jpg', 1, 2, 3);
INSERT INTO BIB_MATERIALES (TITULO, EDICION, ANHIO_PUBLICACION, PORTADA, VIGENTE, NIVEL_IDNIVEL, EDITORIAL_IDEDITORIAL)
VALUES ('Advanced Listening Practice', '5a', 2023, 'https://example.com/portadas/material3.jpg', 1, 2, 4);
INSERT INTO BIB_MATERIALES (TITULO, EDICION, ANHIO_PUBLICACION, PORTADA, VIGENTE, NIVEL_IDNIVEL, EDITORIAL_IDEDITORIAL)
VALUES ('English Vocabulary Builder', '3a', 2018, 'https://example.com/portadas/material4.jpg', 1, 3, 2);
INSERT INTO BIB_MATERIALES (TITULO, EDICION, ANHIO_PUBLICACION, PORTADA, VIGENTE, NIVEL_IDNIVEL, EDITORIAL_IDEDITORIAL)
VALUES ('Business English Essentials', '5a', 2021, 'https://example.com/portadas/material5.jpg', 1, 1, 4);
INSERT INTO BIB_MATERIALES (TITULO, EDICION, ANHIO_PUBLICACION, PORTADA, VIGENTE, NIVEL_IDNIVEL, EDITORIAL_IDEDITORIAL)
VALUES ('Phonics and Reading', '1a', 2020, 'https://example.com/portadas/material6.jpg', 1, 3, 4);
INSERT INTO BIB_MATERIALES (TITULO, EDICION, ANHIO_PUBLICACION, PORTADA, VIGENTE, NIVEL_IDNIVEL, EDITORIAL_IDEDITORIAL)
VALUES ('English Conversation Mastery', '4a', 2021, 'https://example.com/portadas/material7.jpg', 1, 3, 2);
INSERT INTO BIB_MATERIALES (TITULO, EDICION, ANHIO_PUBLICACION, PORTADA, VIGENTE, NIVEL_IDNIVEL, EDITORIAL_IDEDITORIAL)
VALUES ('TOEFL Preparation Guide', '4a', 2015, 'https://example.com/portadas/material8.jpg', 1, 1, 3);
INSERT INTO BIB_MATERIALES (TITULO, EDICION, ANHIO_PUBLICACION, PORTADA, VIGENTE, NIVEL_IDNIVEL, EDITORIAL_IDEDITORIAL)
VALUES ('IELTS Speaking Skills', '1a', 2022, 'https://example.com/portadas/material9.jpg', 1, 1, 4);
INSERT INTO BIB_MATERIALES (TITULO, EDICION, ANHIO_PUBLICACION, PORTADA, VIGENTE, NIVEL_IDNIVEL, EDITORIAL_IDEDITORIAL)
VALUES ('Fun with English', '1a', 2017, 'https://example.com/portadas/material10.jpg', 1, 2, 2);
INSERT INTO BIB_MATERIALES (TITULO, EDICION, ANHIO_PUBLICACION, PORTADA, VIGENTE, NIVEL_IDNIVEL, EDITORIAL_IDEDITORIAL)
VALUES ('Interactive English Level 1', '1a', 2022, 'https://example.com/portadas/material11.jpg', 1, 2, 3);
INSERT INTO BIB_MATERIALES (TITULO, EDICION, ANHIO_PUBLICACION, PORTADA, VIGENTE, NIVEL_IDNIVEL, EDITORIAL_IDEDITORIAL)
VALUES ('English Pronunciation Secrets', '5a', 2021, 'https://example.com/portadas/material12.jpg', 1, 3, 1);
INSERT INTO BIB_MATERIALES (TITULO, EDICION, ANHIO_PUBLICACION, PORTADA, VIGENTE, NIVEL_IDNIVEL, EDITORIAL_IDEDITORIAL)
VALUES ('Everyday English Phrases', '3a', 2023, 'https://example.com/portadas/material13.jpg', 1, 2, 3);
INSERT INTO BIB_MATERIALES (TITULO, EDICION, ANHIO_PUBLICACION, PORTADA, VIGENTE, NIVEL_IDNIVEL, EDITORIAL_IDEDITORIAL)
VALUES ('Basic English Workbook', '4a', 2023, 'https://example.com/portadas/material14.jpg', 1, 1, 1);
INSERT INTO BIB_MATERIALES (TITULO, EDICION, ANHIO_PUBLICACION, PORTADA, VIGENTE, NIVEL_IDNIVEL, EDITORIAL_IDEDITORIAL)
VALUES ('Academic Writing in English', '2a', 2019, 'https://example.com/portadas/material15.jpg', 1, 1, 1);
-- Nuevos 15 materiales (vigentes)
INSERT INTO BIB_MATERIALES (TITULO, EDICION, ANHIO_PUBLICACION, PORTADA, VIGENTE, NIVEL_IDNIVEL, EDITORIAL_IDEDITORIAL)
VALUES 
('Mastering English Idioms', '2a', 2021, 'https://example.com/portadas/material16.jpg', 1, 2, 3),
('Basic English Grammar', '1a', 2022, 'https://example.com/portadas/material17.jpg', 1, 1, 4),
('English for Travel', '3a', 2023, 'https://example.com/portadas/material18.jpg', 1, 1, 2),
('Conversational English Toolkit', '2a', 2022, 'https://example.com/portadas/material19.jpg', 1, 2, 1),
('Listening Lab Advanced', '1a', 2021, 'https://example.com/portadas/material20.jpg', 1, 3, 4),
('Reading Comprehension Skills', '4a', 2020, 'https://example.com/portadas/material21.jpg', 1, 2, 1),
('English Writing for Exams', '1a', 2023, 'https://example.com/portadas/material22.jpg', 1, 3, 3),
('Everyday English Conversations', '2a', 2021, 'https://example.com/portadas/material23.jpg', 1, 1, 2),
('English Grammar Drills', '5a', 2019, 'https://example.com/portadas/material24.jpg', 1, 2, 4),
('Interactive Speaking Activities', '1a', 2023, 'https://example.com/portadas/material25.jpg', 1, 3, 1),
('Storytelling in English', '1a', 2022, 'https://example.com/portadas/material26.jpg', 1, 2, 2),
('TOEIC Practice Tests', '3a', 2021, 'https://example.com/portadas/material27.jpg', 1, 3, 3),
('English for Professionals', '1a', 2020, 'https://example.com/portadas/material28.jpg', 1, 3, 4),
('Pronunciation Puzzles', '1a', 2023, 'https://example.com/portadas/material29.jpg', 1, 1, 2),
('Writing with Purpose', '2a', 2022, 'https://example.com/portadas/material30.jpg', 1, 3, 1);


-- === EJEMPLARES PARA MATERIAL 1 ===
INSERT INTO BIB_EJEMPLARES (FECHA_ADQUISICION, DISPONIBLE, TIPO_EJEMPLAR, FORMATO_DIGITAL, UBICACION, SEDE_IDSEDE, MATERIAL_IDMATERIAL) VALUES
('2023-11-01', 1, 'FISICO', NULL, 'Estante A13', 1, 1),
('2024-04-29', 1, 'FISICO', NULL, 'Estante A13', 2, 1),
('2025-06-11', 1, 'FISICO', NULL, 'Estante A13', 3, 1),
('2024-02-24', 1, 'FISICO', NULL, 'Estante A13', 1, 1),
('2024-04-12', 1, 'FISICO', NULL, 'Estante A13', 2, 1),
('2024-07-25', 1, 'FISICO', NULL, 'Estante A13', 3, 1),
('2023-07-26', 1, 'FISICO', NULL, 'Estante A13', 1, 1),
('2025-04-09', 1, 'DIGITAL', 'PPT', NULL, 2, 1),
('2023-11-09', 1, 'DIGITAL', 'MP3', NULL, 3, 1);

-- === EJEMPLARES PARA MATERIAL 2 ===
INSERT INTO BIB_EJEMPLARES (FECHA_ADQUISICION, DISPONIBLE, TIPO_EJEMPLAR, FORMATO_DIGITAL, UBICACION, SEDE_IDSEDE, MATERIAL_IDMATERIAL) VALUES
('2024-03-28', 1, 'FISICO', NULL, 'Estante B21', 1, 2),
('2025-01-30', 1, 'FISICO', NULL, 'Estante B21', 2, 2),
('2023-06-07', 1, 'FISICO', NULL, 'Estante B21', 3, 2),
('2024-07-29', 1, 'FISICO', NULL, 'Estante B21', 1, 2),
('2025-04-08', 1, 'FISICO', NULL, 'Estante B21', 2, 2),
('2024-01-07', 1, 'FISICO', NULL, 'Estante B21', 3, 2),
('2025-02-26', 1, 'FISICO', NULL, 'Estante B21', 1, 2),
('2025-05-08', 1, 'DIGITAL', 'PPT', NULL, 2, 2),
('2024-11-11', 1, 'DIGITAL', 'CBR', NULL, 3, 2);

-- === EJEMPLARES PARA MATERIAL 3 ===
INSERT INTO BIB_EJEMPLARES (FECHA_ADQUISICION, DISPONIBLE, TIPO_EJEMPLAR, FORMATO_DIGITAL, UBICACION, SEDE_IDSEDE, MATERIAL_IDMATERIAL) VALUES
('2023-08-23', 1, 'FISICO', NULL, 'Estante C07', 1, 3),
('2024-09-19', 1, 'FISICO', NULL, 'Estante C07', 2, 3),
('2023-06-10', 1, 'FISICO', NULL, 'Estante C07', 3, 3),
('2024-09-05', 1, 'FISICO', NULL, 'Estante C07', 1, 3),
('2023-11-01', 1, 'FISICO', NULL, 'Estante C07', 2, 3),
('2023-06-12', 1, 'FISICO', NULL, 'Estante C07', 3, 3),
('2024-09-08', 1, 'FISICO', NULL, 'Estante C07', 1, 3),
('2024-03-03', 1, 'DIGITAL', 'MP3', NULL, 2, 3),
('2023-03-30', 1, 'DIGITAL', 'MP3', NULL, 3, 3);

-- === EJEMPLARES PARA MATERIAL 4 ===
INSERT INTO BIB_EJEMPLARES (FECHA_ADQUISICION, DISPONIBLE, TIPO_EJEMPLAR, FORMATO_DIGITAL, UBICACION, SEDE_IDSEDE, MATERIAL_IDMATERIAL) VALUES
('2025-05-08', 1, 'FISICO', NULL, 'Estante D10', 1, 4),
('2025-03-19', 1, 'FISICO', NULL, 'Estante D10', 2, 4),
('2024-05-21', 1, 'FISICO', NULL, 'Estante D10', 3, 4),
('2024-12-22', 1, 'FISICO', NULL, 'Estante D10', 1, 4),
('2025-03-23', 1, 'FISICO', NULL, 'Estante D10', 2, 4),
('2023-02-03', 1, 'FISICO', NULL, 'Estante D10', 3, 4),
('2023-10-07', 1, 'FISICO', NULL, 'Estante D10', 1, 4),
('2025-05-24', 1, 'DIGITAL', 'PPT', NULL, 2, 4),
('2024-03-09', 1, 'DIGITAL', 'PPT', NULL, 3, 4);

-- === EJEMPLARES PARA MATERIAL 5 ===
INSERT INTO BIB_EJEMPLARES (FECHA_ADQUISICION, DISPONIBLE, TIPO_EJEMPLAR, FORMATO_DIGITAL, UBICACION, SEDE_IDSEDE, MATERIAL_IDMATERIAL) VALUES
('2024-04-17', 1, 'FISICO', NULL, 'Estante E18', 1, 5),
('2025-03-25', 1, 'FISICO', NULL, 'Estante E18', 2, 5),
('2024-03-25', 1, 'FISICO', NULL, 'Estante E18', 3, 5),
('2023-10-18', 1, 'FISICO', NULL, 'Estante E18', 1, 5),
('2024-11-05', 1, 'FISICO', NULL, 'Estante E18', 2, 5),
('2023-07-20', 1, 'FISICO', NULL, 'Estante E18', 3, 5),
('2024-08-09', 1, 'FISICO', NULL, 'Estante E18', 1, 5),
('2024-02-01', 1, 'DIGITAL', 'MP3', NULL, 2, 5),
('2024-06-12', 1, 'DIGITAL', 'PDF', NULL, 3, 5);


-- === EJEMPLARES PARA MATERIAL 6 ===
INSERT INTO BIB_EJEMPLARES (FECHA_ADQUISICION, DISPONIBLE, TIPO_EJEMPLAR, FORMATO_DIGITAL, UBICACION, SEDE_IDSEDE, MATERIAL_IDMATERIAL) VALUES
('2024-10-21', 1, 'FISICO', NULL, 'Estante F10', 1, 6),
('2023-03-26', 1, 'FISICO', NULL, 'Estante F10', 2, 6),
('2024-09-16', 1, 'FISICO', NULL, 'Estante F10', 3, 6),
('2024-12-07', 1, 'FISICO', NULL, 'Estante F10', 1, 6),
('2025-05-03', 1, 'FISICO', NULL, 'Estante F10', 2, 6),
('2023-01-23', 1, 'FISICO', NULL, 'Estante F10', 3, 6),
('2023-08-25', 1, 'FISICO', NULL, 'Estante F10', 1, 6),
('2024-11-21', 1, 'DIGITAL', 'CBR', NULL, 2, 6),
('2025-01-08', 1, 'DIGITAL', 'PDF', NULL, 3, 6);

-- === EJEMPLARES PARA MATERIAL 7 ===
INSERT INTO BIB_EJEMPLARES (FECHA_ADQUISICION, DISPONIBLE, TIPO_EJEMPLAR, FORMATO_DIGITAL, UBICACION, SEDE_IDSEDE, MATERIAL_IDMATERIAL) VALUES
('2025-05-04', 1, 'FISICO', NULL, 'Estante G11', 1, 7),
('2023-10-23', 1, 'FISICO', NULL, 'Estante G11', 2, 7),
('2024-10-20', 1, 'FISICO', NULL, 'Estante G11', 3, 7),
('2024-03-22', 1, 'FISICO', NULL, 'Estante G11', 1, 7),
('2025-02-01', 1, 'FISICO', NULL, 'Estante G11', 2, 7),
('2025-04-17', 1, 'FISICO', NULL, 'Estante G11', 3, 7),
('2024-08-19', 1, 'FISICO', NULL, 'Estante G11', 1, 7),
('2023-09-07', 1, 'DIGITAL', 'PDF', NULL, 2, 7),
('2023-08-20', 1, 'DIGITAL', 'PDF', NULL, 3, 7);

-- === EJEMPLARES PARA MATERIAL 8 ===
INSERT INTO BIB_EJEMPLARES (FECHA_ADQUISICION, DISPONIBLE, TIPO_EJEMPLAR, FORMATO_DIGITAL, UBICACION, SEDE_IDSEDE, MATERIAL_IDMATERIAL) VALUES
('2025-01-11', 1, 'FISICO', NULL, 'Estante H12', 1, 8),
('2024-07-14', 1, 'FISICO', NULL, 'Estante H12', 2, 8),
('2024-01-31', 1, 'FISICO', NULL, 'Estante H12', 3, 8),
('2024-07-07', 1, 'FISICO', NULL, 'Estante H12', 1, 8),
('2024-02-13', 1, 'FISICO', NULL, 'Estante H12', 2, 8),
('2023-02-08', 1, 'FISICO', NULL, 'Estante H12', 3, 8),
('2025-03-06', 1, 'FISICO', NULL, 'Estante H12', 1, 8),
('2023-07-30', 1, 'DIGITAL', 'CBR', NULL, 2, 8),
('2023-12-14', 1, 'DIGITAL', 'CBR', NULL, 3, 8);

-- === EJEMPLARES PARA MATERIAL 9 ===
INSERT INTO BIB_EJEMPLARES (FECHA_ADQUISICION, DISPONIBLE, TIPO_EJEMPLAR, FORMATO_DIGITAL, UBICACION, SEDE_IDSEDE, MATERIAL_IDMATERIAL) VALUES
('2025-04-20', 1, 'FISICO', NULL, 'Estante I13', 1, 9),
('2023-05-18', 1, 'FISICO', NULL, 'Estante I13', 2, 9),
('2023-10-13', 1, 'FISICO', NULL, 'Estante I13', 3, 9),
('2023-12-20', 1, 'FISICO', NULL, 'Estante I13', 1, 9),
('2025-01-19', 1, 'FISICO', NULL, 'Estante I13', 2, 9),
('2024-09-17', 1, 'FISICO', NULL, 'Estante I13', 3, 9),
('2025-03-02', 1, 'FISICO', NULL, 'Estante I13', 1, 9),
('2023-05-19', 1, 'DIGITAL', 'PDF', NULL, 2, 9),
('2025-02-16', 1, 'DIGITAL', 'CBR', NULL, 3, 9);

-- === EJEMPLARES PARA MATERIAL 10 ===
INSERT INTO BIB_EJEMPLARES (FECHA_ADQUISICION, DISPONIBLE, TIPO_EJEMPLAR, FORMATO_DIGITAL, UBICACION, SEDE_IDSEDE, MATERIAL_IDMATERIAL) VALUES
('2024-04-18', 1, 'FISICO', NULL, 'Estante J14', 1, 10),
('2023-01-25', 1, 'FISICO', NULL, 'Estante J14', 2, 10),
('2024-12-03', 1, 'FISICO', NULL, 'Estante J14', 3, 10),
('2023-10-12', 1, 'FISICO', NULL, 'Estante J14', 1, 10),
('2024-10-25', 1, 'FISICO', NULL, 'Estante J14', 2, 10),
('2024-11-20', 1, 'FISICO', NULL, 'Estante J14', 3, 10),
('2024-07-28', 1, 'FISICO', NULL, 'Estante J14', 1, 10),
('2024-10-05', 1, 'DIGITAL', 'PPT', NULL, 2, 10),
('2024-11-14', 1, 'DIGITAL', 'CBR', NULL, 3, 10);

-- === EJEMPLARES PARA MATERIAL 11 ===
INSERT INTO BIB_EJEMPLARES (FECHA_ADQUISICION, DISPONIBLE, TIPO_EJEMPLAR, FORMATO_DIGITAL, UBICACION, SEDE_IDSEDE, MATERIAL_IDMATERIAL) VALUES
('2023-10-16', 1, 'FISICO', NULL, 'Estante K14', 1, 11),
('2025-05-01', 1, 'FISICO', NULL, 'Estante K14', 2, 11),
('2024-08-10', 1, 'FISICO', NULL, 'Estante K14', 3, 11),
('2023-12-12', 1, 'FISICO', NULL, 'Estante K14', 1, 11),
('2025-01-24', 1, 'FISICO', NULL, 'Estante K14', 2, 11),
('2024-02-06', 1, 'FISICO', NULL, 'Estante K14', 3, 11),
('2025-03-17', 1, 'FISICO', NULL, 'Estante K14', 1, 11),
('2023-07-18', 1, 'DIGITAL', 'PDF', NULL, 2, 11),
('2024-09-29', 1, 'DIGITAL', 'PPT', NULL, 3, 11);

-- === EJEMPLARES PARA MATERIAL 12 ===
INSERT INTO BIB_EJEMPLARES (FECHA_ADQUISICION, DISPONIBLE, TIPO_EJEMPLAR, FORMATO_DIGITAL, UBICACION, SEDE_IDSEDE, MATERIAL_IDMATERIAL) VALUES
('2025-04-18', 1, 'FISICO', NULL, 'Estante L15', 1, 12),
('2023-05-03', 1, 'FISICO', NULL, 'Estante L15', 2, 12),
('2024-05-22', 1, 'FISICO', NULL, 'Estante L15', 3, 12),
('2023-06-13', 1, 'FISICO', NULL, 'Estante L15', 1, 12),
('2023-11-07', 1, 'FISICO', NULL, 'Estante L15', 2, 12),
('2024-03-07', 1, 'FISICO', NULL, 'Estante L15', 3, 12),
('2023-11-05', 1, 'FISICO', NULL, 'Estante L15', 1, 12),
('2023-08-20', 1, 'DIGITAL', 'MP3', NULL, 2, 12),
('2024-10-11', 1, 'DIGITAL', 'PPT', NULL, 3, 12);

-- === EJEMPLARES PARA MATERIAL 13 ===
INSERT INTO BIB_EJEMPLARES (FECHA_ADQUISICION, DISPONIBLE, TIPO_EJEMPLAR, FORMATO_DIGITAL, UBICACION, SEDE_IDSEDE, MATERIAL_IDMATERIAL) VALUES
('2023-12-19', 1, 'FISICO', NULL, 'Estante M16', 1, 13),
('2023-02-27', 1, 'FISICO', NULL, 'Estante M16', 2, 13),
('2024-07-22', 1, 'FISICO', NULL, 'Estante M16', 3, 13),
('2023-05-29', 1, 'FISICO', NULL, 'Estante M16', 1, 13),
('2023-12-04', 1, 'FISICO', NULL, 'Estante M16', 2, 13),
('2025-01-04', 1, 'FISICO', NULL, 'Estante M16', 3, 13),
('2023-01-29', 1, 'FISICO', NULL, 'Estante M16', 1, 13),
('2023-12-07', 1, 'DIGITAL', 'CBR', NULL, 2, 13),
('2023-05-09', 1, 'DIGITAL', 'PDF', NULL, 3, 13);

-- === EJEMPLARES PARA MATERIAL 14 ===
INSERT INTO BIB_EJEMPLARES (FECHA_ADQUISICION, DISPONIBLE, TIPO_EJEMPLAR, FORMATO_DIGITAL, UBICACION, SEDE_IDSEDE, MATERIAL_IDMATERIAL) VALUES
('2025-03-17', 1, 'FISICO', NULL, 'Estante N17', 1, 14),
('2024-01-14', 1, 'FISICO', NULL, 'Estante N17', 2, 14),
('2023-10-07', 1, 'FISICO', NULL, 'Estante N17', 3, 14),
('2023-02-06', 1, 'FISICO', NULL, 'Estante N17', 1, 14),
('2024-02-29', 1, 'FISICO', NULL, 'Estante N17', 2, 14),
('2024-07-10', 1, 'FISICO', NULL, 'Estante N17', 3, 14),
('2024-12-19', 1, 'FISICO', NULL, 'Estante N17', 1, 14),
('2025-01-10', 1, 'DIGITAL', 'MP3', NULL, 2, 14),
('2023-04-23', 1, 'DIGITAL', 'PDF', NULL, 3, 14);

-- === EJEMPLARES PARA MATERIAL 15 ===
INSERT INTO BIB_EJEMPLARES (FECHA_ADQUISICION, DISPONIBLE, TIPO_EJEMPLAR, FORMATO_DIGITAL, UBICACION, SEDE_IDSEDE, MATERIAL_IDMATERIAL) VALUES
('2024-08-23', 1, 'FISICO', NULL, 'Estante O18', 1, 15),
('2023-01-17', 1, 'FISICO', NULL, 'Estante O18', 2, 15),
('2023-09-04', 1, 'FISICO', NULL, 'Estante O18', 3, 15),
('2025-02-25', 1, 'FISICO', NULL, 'Estante O18', 1, 15),
('2025-03-11', 1, 'FISICO', NULL, 'Estante O18', 2, 15),
('2023-10-06', 1, 'FISICO', NULL, 'Estante O18', 3, 15),
('2023-03-07', 1, 'FISICO', NULL, 'Estante O18', 1, 15),
('2023-08-02', 1, 'DIGITAL', 'PPT', NULL, 2, 15),
('2023-06-06', 1, 'DIGITAL', 'MP3', NULL, 3, 15);

-- === EJEMPLARES PARA MATERIAL 16 ===
INSERT INTO BIB_EJEMPLARES (FECHA_ADQUISICION, DISPONIBLE, TIPO_EJEMPLAR, FORMATO_DIGITAL, UBICACION, SEDE_IDSEDE, MATERIAL_IDMATERIAL) VALUES
('2024-07-29', 1, 'FISICO', NULL, 'Estante P18', 1, 16),
('2024-12-25', 1, 'FISICO', NULL, 'Estante P18', 2, 16),
('2024-06-17', 1, 'FISICO', NULL, 'Estante P18', 3, 16),
('2023-08-02', 1, 'FISICO', NULL, 'Estante P18', 1, 16),
('2024-10-07', 1, 'FISICO', NULL, 'Estante P18', 2, 16),
('2023-06-16', 1, 'FISICO', NULL, 'Estante P18', 3, 16),
('2024-08-26', 1, 'FISICO', NULL, 'Estante P18', 1, 16),
('2023-06-27', 1, 'DIGITAL', 'PDF', NULL, 2, 16),
('2024-02-17', 1, 'DIGITAL', 'CBR', NULL, 3, 16);

-- === EJEMPLARES PARA MATERIAL 17 ===
INSERT INTO BIB_EJEMPLARES (FECHA_ADQUISICION, DISPONIBLE, TIPO_EJEMPLAR, FORMATO_DIGITAL, UBICACION, SEDE_IDSEDE, MATERIAL_IDMATERIAL) VALUES
('2024-12-25', 1, 'FISICO', NULL, 'Estante Q19', 1, 17),
('2024-04-01', 1, 'FISICO', NULL, 'Estante Q19', 2, 17),
('2024-12-31', 1, 'FISICO', NULL, 'Estante Q19', 3, 17),
('2024-05-14', 1, 'FISICO', NULL, 'Estante Q19', 1, 17),
('2024-02-11', 1, 'FISICO', NULL, 'Estante Q19', 2, 17),
('2024-03-17', 1, 'FISICO', NULL, 'Estante Q19', 3, 17),
('2024-06-10', 1, 'FISICO', NULL, 'Estante Q19', 1, 17),
('2023-08-27', 1, 'DIGITAL', 'MP3', NULL, 2, 17),
('2024-07-14', 1, 'DIGITAL', 'PDF', NULL, 3, 17);

-- === EJEMPLARES PARA MATERIAL 18 ===
INSERT INTO BIB_EJEMPLARES (FECHA_ADQUISICION, DISPONIBLE, TIPO_EJEMPLAR, FORMATO_DIGITAL, UBICACION, SEDE_IDSEDE, MATERIAL_IDMATERIAL) VALUES
('2024-04-01', 1, 'FISICO', NULL, 'Estante R20', 1, 18),
('2023-04-02', 1, 'FISICO', NULL, 'Estante R20', 2, 18),
('2025-01-17', 1, 'FISICO', NULL, 'Estante R20', 3, 18),
('2023-07-14', 1, 'FISICO', NULL, 'Estante R20', 1, 18),
('2025-01-01', 1, 'FISICO', NULL, 'Estante R20', 2, 18),
('2024-12-07', 1, 'FISICO', NULL, 'Estante R20', 3, 18),
('2023-01-22', 1, 'FISICO', NULL, 'Estante R20', 1, 18),
('2024-02-21', 1, 'DIGITAL', 'PDF', NULL, 2, 18),
('2025-06-04', 1, 'DIGITAL', 'PPT', NULL, 3, 18);

-- === EJEMPLARES PARA MATERIAL 19 ===
INSERT INTO BIB_EJEMPLARES (FECHA_ADQUISICION, DISPONIBLE, TIPO_EJEMPLAR, FORMATO_DIGITAL, UBICACION, SEDE_IDSEDE, MATERIAL_IDMATERIAL) VALUES
('2024-02-28', 1, 'FISICO', NULL, 'Estante S21', 1, 19),
('2024-10-28', 1, 'FISICO', NULL, 'Estante S21', 2, 19),
('2023-07-24', 1, 'FISICO', NULL, 'Estante S21', 3, 19),
('2023-07-30', 1, 'FISICO', NULL, 'Estante S21', 1, 19),
('2023-04-06', 1, 'FISICO', NULL, 'Estante S21', 2, 19),
('2023-10-27', 1, 'FISICO', NULL, 'Estante S21', 3, 19),
('2023-07-26', 1, 'FISICO', NULL, 'Estante S21', 1, 19),
('2024-12-16', 1, 'DIGITAL', 'PPT', NULL, 2, 19),
('2023-12-21', 1, 'DIGITAL', 'CBR', NULL, 3, 19);

-- === EJEMPLARES PARA MATERIAL 20 ===
INSERT INTO BIB_EJEMPLARES (FECHA_ADQUISICION, DISPONIBLE, TIPO_EJEMPLAR, FORMATO_DIGITAL, UBICACION, SEDE_IDSEDE, MATERIAL_IDMATERIAL) VALUES
('2024-02-17', 1, 'FISICO', NULL, 'Estante T22', 1, 20),
('2023-11-13', 1, 'FISICO', NULL, 'Estante T22', 2, 20),
('2025-02-10', 1, 'FISICO', NULL, 'Estante T22', 3, 20),
('2025-02-19', 1, 'FISICO', NULL, 'Estante T22', 1, 20),
('2023-02-20', 1, 'FISICO', NULL, 'Estante T22', 2, 20),
('2025-01-14', 1, 'FISICO', NULL, 'Estante T22', 3, 20),
('2024-07-01', 1, 'FISICO', NULL, 'Estante T22', 1, 20),
('2024-09-11', 1, 'DIGITAL', 'PDF', NULL, 2, 20),
('2023-02-07', 1, 'DIGITAL', 'CBR', NULL, 3, 20);

-- === EJEMPLARES PARA MATERIAL 21 ===
INSERT INTO BIB_EJEMPLARES (FECHA_ADQUISICION, DISPONIBLE, TIPO_EJEMPLAR, FORMATO_DIGITAL, UBICACION, SEDE_IDSEDE, MATERIAL_IDMATERIAL) VALUES
('2024-09-02', 1, 'FISICO', NULL, 'Estante U22', 1, 21),
('2024-10-27', 1, 'FISICO', NULL, 'Estante U22', 2, 21),
('2023-03-08', 1, 'FISICO', NULL, 'Estante U22', 3, 21),
('2024-08-03', 1, 'FISICO', NULL, 'Estante U22', 1, 21),
('2024-07-12', 1, 'FISICO', NULL, 'Estante U22', 2, 21),
('2023-09-27', 1, 'FISICO', NULL, 'Estante U22', 3, 21),
('2024-01-02', 1, 'FISICO', NULL, 'Estante U22', 1, 21),
('2024-12-16', 1, 'DIGITAL', 'PDF', NULL, 2, 21),
('2025-03-22', 1, 'DIGITAL', 'PDF', NULL, 3, 21);

-- === EJEMPLARES PARA MATERIAL 22 ===
INSERT INTO BIB_EJEMPLARES (FECHA_ADQUISICION, DISPONIBLE, TIPO_EJEMPLAR, FORMATO_DIGITAL, UBICACION, SEDE_IDSEDE, MATERIAL_IDMATERIAL) VALUES
('2024-02-13', 1, 'FISICO', NULL, 'Estante V23', 1, 22),
('2023-10-04', 1, 'FISICO', NULL, 'Estante V23', 2, 22),
('2023-11-03', 1, 'FISICO', NULL, 'Estante V23', 3, 22),
('2025-04-11', 1, 'FISICO', NULL, 'Estante V23', 1, 22),
('2023-11-22', 1, 'FISICO', NULL, 'Estante V23', 2, 22),
('2024-03-15', 1, 'FISICO', NULL, 'Estante V23', 3, 22),
('2024-07-03', 1, 'FISICO', NULL, 'Estante V23', 1, 22),
('2025-01-02', 1, 'DIGITAL', 'PPT', NULL, 2, 22),
('2025-03-02', 1, 'DIGITAL', 'CBR', NULL, 3, 22);

-- === EJEMPLARES PARA MATERIAL 23 ===
INSERT INTO BIB_EJEMPLARES (FECHA_ADQUISICION, DISPONIBLE, TIPO_EJEMPLAR, FORMATO_DIGITAL, UBICACION, SEDE_IDSEDE, MATERIAL_IDMATERIAL) VALUES
('2023-06-02', 1, 'FISICO', NULL, 'Estante W24', 1, 23),
('2024-07-15', 1, 'FISICO', NULL, 'Estante W24', 2, 23),
('2023-11-16', 1, 'FISICO', NULL, 'Estante W24', 3, 23),
('2024-11-24', 1, 'FISICO', NULL, 'Estante W24', 1, 23),
('2023-01-18', 1, 'FISICO', NULL, 'Estante W24', 2, 23),
('2024-07-07', 1, 'FISICO', NULL, 'Estante W24', 3, 23),
('2024-03-09', 1, 'FISICO', NULL, 'Estante W24', 1, 23),
('2023-06-06', 1, 'DIGITAL', 'MP3', NULL, 2, 23),
('2024-10-25', 1, 'DIGITAL', 'CBR', NULL, 3, 23);

-- === EJEMPLARES PARA MATERIAL 24 ===
INSERT INTO BIB_EJEMPLARES (FECHA_ADQUISICION, DISPONIBLE, TIPO_EJEMPLAR, FORMATO_DIGITAL, UBICACION, SEDE_IDSEDE, MATERIAL_IDMATERIAL) VALUES
('2024-02-16', 1, 'FISICO', NULL, 'Estante X25', 1, 24),
('2023-10-22', 1, 'FISICO', NULL, 'Estante X25', 2, 24),
('2024-11-18', 1, 'FISICO', NULL, 'Estante X25', 3, 24),
('2025-01-26', 1, 'FISICO', NULL, 'Estante X25', 1, 24),
('2023-04-24', 1, 'FISICO', NULL, 'Estante X25', 2, 24),
('2023-11-07', 1, 'FISICO', NULL, 'Estante X25', 3, 24),
('2023-08-06', 1, 'FISICO', NULL, 'Estante X25', 1, 24),
('2023-01-04', 1, 'DIGITAL', 'PPT', NULL, 2, 24),
('2024-09-14', 1, 'DIGITAL', 'PDF', NULL, 3, 24);

-- === EJEMPLARES PARA MATERIAL 25 ===
INSERT INTO BIB_EJEMPLARES (FECHA_ADQUISICION, DISPONIBLE, TIPO_EJEMPLAR, FORMATO_DIGITAL, UBICACION, SEDE_IDSEDE, MATERIAL_IDMATERIAL) VALUES
('2023-01-28', 1, 'FISICO', NULL, 'Estante Y26', 1, 25),
('2024-04-21', 1, 'FISICO', NULL, 'Estante Y26', 2, 25),
('2025-06-01', 1, 'FISICO', NULL, 'Estante Y26', 3, 25),
('2024-11-12', 1, 'FISICO', NULL, 'Estante Y26', 1, 25),
('2023-05-27', 1, 'FISICO', NULL, 'Estante Y26', 2, 25),
('2024-12-15', 1, 'FISICO', NULL, 'Estante Y26', 3, 25),
('2024-11-08', 1, 'FISICO', NULL, 'Estante Y26', 1, 25),
('2023-12-28', 1, 'DIGITAL', 'MP3', NULL, 2, 25),
('2023-08-13', 1, 'DIGITAL', 'PPT', NULL, 3, 25);

-- === EJEMPLARES PARA MATERIAL 26 ===
INSERT INTO BIB_EJEMPLARES (FECHA_ADQUISICION, DISPONIBLE, TIPO_EJEMPLAR, FORMATO_DIGITAL, UBICACION, SEDE_IDSEDE, MATERIAL_IDMATERIAL) VALUES
('2023-09-22', 1, 'FISICO', NULL, 'Estante Z26', 1, 26),
('2024-05-06', 1, 'FISICO', NULL, 'Estante Z26', 2, 26),
('2023-11-07', 1, 'FISICO', NULL, 'Estante Z26', 3, 26),
('2024-01-10', 1, 'FISICO', NULL, 'Estante Z26', 1, 26),
('2024-02-26', 1, 'FISICO', NULL, 'Estante Z26', 2, 26),
('2023-12-15', 1, 'FISICO', NULL, 'Estante Z26', 3, 26),
('2023-02-12', 1, 'FISICO', NULL, 'Estante Z26', 1, 26),
('2023-05-03', 1, 'DIGITAL', 'CBR', NULL, 2, 26),
('2025-02-28', 1, 'DIGITAL', 'PDF', NULL, 3, 26);

-- === EJEMPLARES PARA MATERIAL 27 ===
INSERT INTO BIB_EJEMPLARES (FECHA_ADQUISICION, DISPONIBLE, TIPO_EJEMPLAR, FORMATO_DIGITAL, UBICACION, SEDE_IDSEDE, MATERIAL_IDMATERIAL) VALUES
('2024-01-13', 1, 'FISICO', NULL, 'Estante [27', 1, 27),
('2025-01-27', 1, 'FISICO', NULL, 'Estante [27', 2, 27),
('2025-01-07', 1, 'FISICO', NULL, 'Estante [27', 3, 27),
('2024-05-04', 1, 'FISICO', NULL, 'Estante [27', 1, 27),
('2024-02-01', 1, 'FISICO', NULL, 'Estante [27', 2, 27),
('2024-01-03', 1, 'FISICO', NULL, 'Estante [27', 3, 27),
('2023-05-28', 1, 'FISICO', NULL, 'Estante [27', 1, 27),
('2023-08-20', 1, 'DIGITAL', 'CBR', NULL, 2, 27),
('2023-07-16', 1, 'DIGITAL', 'PPT', NULL, 3, 27);

-- === EJEMPLARES PARA MATERIAL 28 ===
INSERT INTO BIB_EJEMPLARES (FECHA_ADQUISICION, DISPONIBLE, TIPO_EJEMPLAR, FORMATO_DIGITAL, UBICACION, SEDE_IDSEDE, MATERIAL_IDMATERIAL) VALUES
('2024-08-21', 1, 'FISICO', NULL, 'Estante \\28', 1, 28),
('2023-05-18', 1, 'FISICO', NULL, 'Estante \\28', 2, 28),
('2025-02-09', 1, 'FISICO', NULL, 'Estante \\28', 3, 28),
('2025-03-18', 1, 'FISICO', NULL, 'Estante \\28', 1, 28),
('2024-09-08', 1, 'FISICO', NULL, 'Estante \\28', 2, 28),
('2024-01-12', 1, 'FISICO', NULL, 'Estante \\28', 3, 28),
('2024-05-21', 1, 'FISICO', NULL, 'Estante \\28', 1, 28),
('2024-02-05', 1, 'DIGITAL', 'MP3', NULL, 2, 28),
('2023-09-18', 1, 'DIGITAL', 'MP3', NULL, 3, 28);

-- === EJEMPLARES PARA MATERIAL 29 ===
INSERT INTO BIB_EJEMPLARES (FECHA_ADQUISICION, DISPONIBLE, TIPO_EJEMPLAR, FORMATO_DIGITAL, UBICACION, SEDE_IDSEDE, MATERIAL_IDMATERIAL) VALUES
('2024-02-22', 1, 'FISICO', NULL, 'Estante ]29', 1, 29),
('2023-04-11', 1, 'FISICO', NULL, 'Estante ]29', 2, 29),
('2025-02-04', 1, 'FISICO', NULL, 'Estante ]29', 3, 29),
('2024-09-25', 1, 'FISICO', NULL, 'Estante ]29', 1, 29),
('2024-11-03', 1, 'FISICO', NULL, 'Estante ]29', 2, 29),
('2023-12-11', 1, 'FISICO', NULL, 'Estante ]29', 3, 29),
('2024-04-07', 1, 'FISICO', NULL, 'Estante ]29', 1, 29),
('2023-12-20', 1, 'DIGITAL', 'PPT', NULL, 2, 29),
('2023-12-21', 1, 'DIGITAL', 'MP3', NULL, 3, 29);

-- === EJEMPLARES PARA MATERIAL 30 ===
INSERT INTO BIB_EJEMPLARES (FECHA_ADQUISICION, DISPONIBLE, TIPO_EJEMPLAR, FORMATO_DIGITAL, UBICACION, SEDE_IDSEDE, MATERIAL_IDMATERIAL) VALUES
('2023-10-19', 1, 'FISICO', NULL, 'Estante ^30', 1, 30),
('2024-04-15', 1, 'FISICO', NULL, 'Estante ^30', 2, 30),
('2024-10-14', 1, 'FISICO', NULL, 'Estante ^30', 3, 30),
('2023-10-12', 1, 'FISICO', NULL, 'Estante ^30', 1, 30),
('2023-04-18', 1, 'FISICO', NULL, 'Estante ^30', 2, 30),
('2023-04-23', 1, 'FISICO', NULL, 'Estante ^30', 3, 30),
('2023-09-11', 1, 'FISICO', NULL, 'Estante ^30', 1, 30),
('2023-11-21', 1, 'DIGITAL', 'PPT', NULL, 2, 30),
('2023-07-02', 1, 'DIGITAL', 'CBR', NULL, 3, 30);

-- PERSONAS
-- ADMINISTRADORES
INSERT INTO BIB_PERSONAS (CODIGO, NOMBRE, PATERNO, MATERNO, DIRECCION, TELEFONO, CORREO, CONTRASENHA, TIPO_PERSONA, TURNO, FECHA_CONTRATO_INI, FECHA_CONTRATO_FIN, DEUDA_ACUMULADA, FECHA_SANCION_FIN, VIGENTE, NIVEL_IDNIVEL, SEDE_IDSEDE)
VALUES 
('A00001', 'Lucía', 'Martínez', 'Paredes', 'Av. Administración 101', '912345678', 'lucia.martinez@myholylib.edu.pe', 'Rm/2Luv9G48z0ix03t1sZg==', 'ADMINISTRADOR', 'MANHANA', '2023-01-15', '2026-01-15', 0, NULL, 1, NULL, 1),
('A00002', 'Carlos', 'Ramírez', 'Soto', 'Calle Control 202', '922345678', 'c.ramirez@hotmail.com', 'zEAS5kL0Y7gz0ix03t1sZg==', 'ADMINISTRADOR', 'TARDE', '2022-06-01', '2025-06-01', 0, NULL, 1, NULL, 2);

-- ESTUDIANTES
INSERT INTO BIB_PERSONAS (CODIGO, NOMBRE, PATERNO, MATERNO, DIRECCION, TELEFONO, CORREO, CONTRASENHA, TIPO_PERSONA, TURNO, FECHA_CONTRATO_INI, FECHA_CONTRATO_FIN, DEUDA_ACUMULADA, FECHA_SANCION_FIN, VIGENTE, NIVEL_IDNIVEL, SEDE_IDSEDE)
VALUES
('E00001', 'Javier', 'Alvarado', 'Aranguri', 'Jr. Universitaria 123', '913456789', 'jalvaradoaranguri@gmail.com', 'M9mbIZU64fM=', 'ESTUDIANTE', NULL, NULL, NULL, 0, NULL, 1, 1, 1),
('E00002', 'Fernanda', 'Zapata', 'Arburua', 'Av. Juventud 456', '914567890', 'fzapataarburua@gmail.com', 'SqDI33hWjMA=', 'ESTUDIANTE', NULL, NULL, NULL, 0, NULL, 1, 2, 2),
('E00003', 'Marco', 'Reyes', 'Delgado', 'Calle del Saber 789', '915678901', 'jalvaradoaranguri@gmail.com', 'q0lrgVUiuHk=', 'ESTUDIANTE', NULL, NULL, NULL, 0, NULL, 1, 1, 3),
('E00004', 'Natalia', 'Quiroz', 'Moreno', 'Pasaje Cultura 321', '916789012', 'fzapataarburua@gmail.com', 'A9WrxXROcjU=', 'ESTUDIANTE', NULL, NULL, NULL, 0, NULL, 1, 3, 1);

-- PROFESORES
INSERT INTO BIB_PERSONAS (CODIGO, NOMBRE, PATERNO, MATERNO, DIRECCION, TELEFONO, CORREO, CONTRASENHA, TIPO_PERSONA, TURNO, FECHA_CONTRATO_INI, FECHA_CONTRATO_FIN, DEUDA_ACUMULADA, FECHA_SANCION_FIN, VIGENTE, NIVEL_IDNIVEL, SEDE_IDSEDE)
VALUES
('P00001', 'Raúl', 'Montoya', 'Salinas', 'Av. Docente 321', '917890123', 'fzapataarburua@gmail.com', 'FhnRHmHLfgo=', 'PROFESOR', NULL, NULL, NULL, 0, NULL, 1, 3, 1),
('P00002', 'Laura', 'Carranza', 'Gómez', 'Jr. Conocimiento 654', '918901234', 'jalvaradoaranguri@gmail.com', 'fGQTvgMKPNQ=', 'PROFESOR', NULL, NULL, NULL, 0, NULL, 1, 3, 2),
('P00003', 'Andrés', 'Ríos', 'Peña', 'Calle Enseñanza 987', '919012345', 'fzapataarburua@gmail.com', 'K1arLiLQgF0=', 'PROFESOR', NULL, NULL, NULL, 0, NULL, 1, 3, 3),
('P00004', 'Diana', 'Torres', 'Mejía', 'Boulevard Educativo 135', '920123456', 'jalvaradoaranguri@gmail.com', 'BO5Mgj301gg=', 'PROFESOR', NULL, NULL, NULL, 0, NULL, 1, 3, 1);

-- CONTRASEÑAS SIN ENCRIPTAR
-- admin123
-- admin456
-- est123
-- est234
-- est345
-- est456
-- prof123
-- prof234
-- prof345
-- prof456






-- RELACIONES INTERMEDIAS
INSERT INTO BIB_MATERIALES_CREADORES (MATERIAL_IDMATERIAL, CREADOR_IDCREADOR) VALUES (1, 1);
INSERT INTO BIB_MATERIALES_CREADORES (MATERIAL_IDMATERIAL, CREADOR_IDCREADOR) VALUES (2, 2);
INSERT INTO BIB_MATERIALES_CREADORES (MATERIAL_IDMATERIAL, CREADOR_IDCREADOR) VALUES (3, 3);
INSERT INTO BIB_MATERIALES_CREADORES (MATERIAL_IDMATERIAL, CREADOR_IDCREADOR) VALUES (4, 4);
INSERT INTO BIB_MATERIALES_CREADORES (MATERIAL_IDMATERIAL, CREADOR_IDCREADOR) VALUES (5, 5);
INSERT INTO BIB_MATERIALES_CREADORES (MATERIAL_IDMATERIAL, CREADOR_IDCREADOR) VALUES (6, 6);
INSERT INTO BIB_MATERIALES_CREADORES (MATERIAL_IDMATERIAL, CREADOR_IDCREADOR) VALUES (7, 7);
INSERT INTO BIB_MATERIALES_CREADORES (MATERIAL_IDMATERIAL, CREADOR_IDCREADOR) VALUES (8, 8);
INSERT INTO BIB_MATERIALES_CREADORES (MATERIAL_IDMATERIAL, CREADOR_IDCREADOR) VALUES (9, 9);
INSERT INTO BIB_MATERIALES_CREADORES (MATERIAL_IDMATERIAL, CREADOR_IDCREADOR) VALUES (10, 10);
INSERT INTO BIB_MATERIALES_CREADORES (MATERIAL_IDMATERIAL, CREADOR_IDCREADOR) VALUES (11, 1);
INSERT INTO BIB_MATERIALES_CREADORES (MATERIAL_IDMATERIAL, CREADOR_IDCREADOR) VALUES (12, 2);
INSERT INTO BIB_MATERIALES_CREADORES (MATERIAL_IDMATERIAL, CREADOR_IDCREADOR) VALUES (13, 3);
INSERT INTO BIB_MATERIALES_CREADORES (MATERIAL_IDMATERIAL, CREADOR_IDCREADOR) VALUES (14, 4);
INSERT INTO BIB_MATERIALES_CREADORES (MATERIAL_IDMATERIAL, CREADOR_IDCREADOR) VALUES (15, 5);
INSERT INTO BIB_MATERIALES_CREADORES (MATERIAL_IDMATERIAL, CREADOR_IDCREADOR) VALUES (16, 6);
INSERT INTO BIB_MATERIALES_CREADORES (MATERIAL_IDMATERIAL, CREADOR_IDCREADOR) VALUES (17, 7);
INSERT INTO BIB_MATERIALES_CREADORES (MATERIAL_IDMATERIAL, CREADOR_IDCREADOR) VALUES (18, 8);
INSERT INTO BIB_MATERIALES_CREADORES (MATERIAL_IDMATERIAL, CREADOR_IDCREADOR) VALUES (19, 9);
INSERT INTO BIB_MATERIALES_CREADORES (MATERIAL_IDMATERIAL, CREADOR_IDCREADOR) VALUES (20, 10);
INSERT INTO BIB_MATERIALES_CREADORES (MATERIAL_IDMATERIAL, CREADOR_IDCREADOR) VALUES (21, 1);
INSERT INTO BIB_MATERIALES_CREADORES (MATERIAL_IDMATERIAL, CREADOR_IDCREADOR) VALUES (22, 2);
INSERT INTO BIB_MATERIALES_CREADORES (MATERIAL_IDMATERIAL, CREADOR_IDCREADOR) VALUES (23, 3);
INSERT INTO BIB_MATERIALES_CREADORES (MATERIAL_IDMATERIAL, CREADOR_IDCREADOR) VALUES (24, 4);
INSERT INTO BIB_MATERIALES_CREADORES (MATERIAL_IDMATERIAL, CREADOR_IDCREADOR) VALUES (25, 5);
INSERT INTO BIB_MATERIALES_CREADORES (MATERIAL_IDMATERIAL, CREADOR_IDCREADOR) VALUES (26, 6);
INSERT INTO BIB_MATERIALES_CREADORES (MATERIAL_IDMATERIAL, CREADOR_IDCREADOR) VALUES (27, 7);
INSERT INTO BIB_MATERIALES_CREADORES (MATERIAL_IDMATERIAL, CREADOR_IDCREADOR) VALUES (28, 8);
INSERT INTO BIB_MATERIALES_CREADORES (MATERIAL_IDMATERIAL, CREADOR_IDCREADOR) VALUES (29, 9);
INSERT INTO BIB_MATERIALES_CREADORES (MATERIAL_IDMATERIAL, CREADOR_IDCREADOR) VALUES (30, 10);


INSERT INTO BIB_MATERIALES_TEMAS (MATERIAL_IDMATERIAL, TEMA_IDTEMA) VALUES (1, 1);
INSERT INTO BIB_MATERIALES_TEMAS (MATERIAL_IDMATERIAL, TEMA_IDTEMA) VALUES (2, 2);
INSERT INTO BIB_MATERIALES_TEMAS (MATERIAL_IDMATERIAL, TEMA_IDTEMA) VALUES (3, 3);
INSERT INTO BIB_MATERIALES_TEMAS (MATERIAL_IDMATERIAL, TEMA_IDTEMA) VALUES (4, 4);
INSERT INTO BIB_MATERIALES_TEMAS (MATERIAL_IDMATERIAL, TEMA_IDTEMA) VALUES (5, 5);
INSERT INTO BIB_MATERIALES_TEMAS (MATERIAL_IDMATERIAL, TEMA_IDTEMA) VALUES (6, 6);
INSERT INTO BIB_MATERIALES_TEMAS (MATERIAL_IDMATERIAL, TEMA_IDTEMA) VALUES (7, 1);
INSERT INTO BIB_MATERIALES_TEMAS (MATERIAL_IDMATERIAL, TEMA_IDTEMA) VALUES (8, 2);
INSERT INTO BIB_MATERIALES_TEMAS (MATERIAL_IDMATERIAL, TEMA_IDTEMA) VALUES (9, 3);
INSERT INTO BIB_MATERIALES_TEMAS (MATERIAL_IDMATERIAL, TEMA_IDTEMA) VALUES (10, 4);
INSERT INTO BIB_MATERIALES_TEMAS (MATERIAL_IDMATERIAL, TEMA_IDTEMA) VALUES (11, 5);
INSERT INTO BIB_MATERIALES_TEMAS (MATERIAL_IDMATERIAL, TEMA_IDTEMA) VALUES (12, 6);
INSERT INTO BIB_MATERIALES_TEMAS (MATERIAL_IDMATERIAL, TEMA_IDTEMA) VALUES (13, 1);
INSERT INTO BIB_MATERIALES_TEMAS (MATERIAL_IDMATERIAL, TEMA_IDTEMA) VALUES (14, 2);
INSERT INTO BIB_MATERIALES_TEMAS (MATERIAL_IDMATERIAL, TEMA_IDTEMA) VALUES (15, 3);
INSERT INTO BIB_MATERIALES_TEMAS (MATERIAL_IDMATERIAL, TEMA_IDTEMA) VALUES (16, 4);
INSERT INTO BIB_MATERIALES_TEMAS (MATERIAL_IDMATERIAL, TEMA_IDTEMA) VALUES (17, 5);
INSERT INTO BIB_MATERIALES_TEMAS (MATERIAL_IDMATERIAL, TEMA_IDTEMA) VALUES (18, 6);
INSERT INTO BIB_MATERIALES_TEMAS (MATERIAL_IDMATERIAL, TEMA_IDTEMA) VALUES (19, 1);
INSERT INTO BIB_MATERIALES_TEMAS (MATERIAL_IDMATERIAL, TEMA_IDTEMA) VALUES (20, 2);
INSERT INTO BIB_MATERIALES_TEMAS (MATERIAL_IDMATERIAL, TEMA_IDTEMA) VALUES (21, 3);
INSERT INTO BIB_MATERIALES_TEMAS (MATERIAL_IDMATERIAL, TEMA_IDTEMA) VALUES (22, 4);
INSERT INTO BIB_MATERIALES_TEMAS (MATERIAL_IDMATERIAL, TEMA_IDTEMA) VALUES (23, 5);
INSERT INTO BIB_MATERIALES_TEMAS (MATERIAL_IDMATERIAL, TEMA_IDTEMA) VALUES (24, 6);
INSERT INTO BIB_MATERIALES_TEMAS (MATERIAL_IDMATERIAL, TEMA_IDTEMA) VALUES (25, 1);
INSERT INTO BIB_MATERIALES_TEMAS (MATERIAL_IDMATERIAL, TEMA_IDTEMA) VALUES (26, 2);
INSERT INTO BIB_MATERIALES_TEMAS (MATERIAL_IDMATERIAL, TEMA_IDTEMA) VALUES (27, 3);
INSERT INTO BIB_MATERIALES_TEMAS (MATERIAL_IDMATERIAL, TEMA_IDTEMA) VALUES (28, 4);
INSERT INTO BIB_MATERIALES_TEMAS (MATERIAL_IDMATERIAL, TEMA_IDTEMA) VALUES (29, 5);
INSERT INTO BIB_MATERIALES_TEMAS (MATERIAL_IDMATERIAL, TEMA_IDTEMA) VALUES (30, 6);



-- INDICES

CREATE INDEX idx_materiales_titulo ON BIB_MATERIALES(TITULO);

CREATE INDEX idx_titulo_covering 
ON BIB_MATERIALES(TITULO, ID_MATERIAL, EDICION, ANHIO_PUBLICACION, PORTADA, VIGENTE, NIVEL_IDNIVEL, EDITORIAL_IDEDITORIAL);

CREATE INDEX idx_titulo_idmaterial ON BIB_MATERIALES(TITULO, ID_MATERIAL);

ALTER TABLE BIB_MATERIALES 
ADD FULLTEXT INDEX idx_titulo_fulltext (TITULO);













